<?xml version="1.0" encoding="UTF-8"?>
<project-private xmlns="http://www.netbeans.org/ns/project-private/1">
    <editor-bookmarks xmlns="http://www.netbeans.org/ns/editor-bookmarks/2" lastBookmarkId="0"/>
    <open-files xmlns="http://www.netbeans.org/ns/projectui-open-files/2">
        <group>
            <file>file:/Users/gabrielgirardi/Documents/GitHub/Program/Programas%20em%20%20(Template)/Aplicacao/src/aplicacao/Pag1.java</file>
            <file>file:/Users/gabrielgirardi/Documents/GitHub/Program/Programas%20em%20%20(Template)/Aplicacao/src/aplicacao/Pag3.java</file>
            <file>file:/Users/gabrielgirardi/Documents/GitHub/Program/Programas%20em%20%20(Template)/Aplicacao/src/aplicacao/Pag2.java</file>
            <file>file:/Users/gabrielgirardi/Documents/GitHub/Program/Programas%20em%20%20(Template)/Aplicacao/src/aplicacao/Main.java</file>
        </group>
    </open-files>
</project-private>
